"","Sample1","Sample2","Sample3","Sample4","Sample5","Sample6","Sample7","Sample8","Sample9","Sample10","Sample11","Sample12","Sample13","Sample14","Sample15","Sample16","Sample17","Sample18","Sample19","Sample20","Sample21","Sample22","Sample23","Sample24","Sample25","Sample26","Sample27","Sample28","Sample29","Sample30","Sample31","Sample32","Sample33","Sample34","Sample35","Sample36","Sample37","Sample38","Sample39","Sample40","Sample41","Sample42","Sample43","Sample44","Sample45","Sample46","Sample47","Sample48","Sample49","Sample50","Sample51","Sample52","Sample53","Sample54","Sample55","Sample56","Sample57","Sample58","Sample59","Sample60","Sample61","Sample62","Sample63","Sample64","Sample65","Sample66","Sample67","Sample68","Sample69","Sample70","Sample71","Sample72","Sample73","Sample74","Sample75","Sample76","Sample77","Sample78","Sample79","Sample80","Sample81","Sample82","Sample83","Sample84","Sample85","Sample86","Sample87","Sample88","Sample89","Sample90","Sample91","Sample92","Sample93","Sample94","Sample95","Sample96","Sample97","Sample98","Sample99","Sample100"
"Gene0001",16.0554963562142,11.5333388760598,17.2784496936671,12.6433595222385,15.8104514818544,16.6037059830238,10.0353400747938,8.50901917603868,9.79194042685425,15.8355608558041,18.881498105753,14.747043346315,14.7508110301433,10.3390408167087,14.3087202815865,10.2446643419531,13.1510723385936,11.5520790989904,9.51369476595239,10.1568668236657,16.2186141085409,12.8036429650373,12.5274987547327,13.2571921772615,12.7413312768414,9.32492094641315,17.964377819625,14.6100330303829,17.5725351947976,16.7569754303461,18.717891577356,17.9609583323009,12.2103296384911,10.7966230949121,1.12677090373861,1.55520437193953,1.81616950967891,1.68644661794105,1.59467808025556,0.773432647736539,1.82730871795259,1.72616755775017,1.43142022543872,2.07029738211453,1.41252201029741,0.708837654500854,1.32914287602853,0.967614483742774,1.093475471221,0.856106610734546,2.90140139515147,1.23509274979441,1.18156855448679,0.628065669753131,1.57479114545102,2.06304796035925,0.716616186872504,1.18648269819554,1.87563369155895,2.60396384481816,0.759985179580095,1.03201616760588,2.35068713001565,1.03628657826294,1.10933372556479,1.30549924852467,0.905926435281591,2.1726546057061,1.97333550469856,1.11327739370294,0.709760806638657,2.12087031288827,2.39741061592276,1.79401577702483,0.859445860598287,1.26242061025833,1.35826235731666,1.56884158269773,1.50419497423461,0.974329495598504,1.98565953983869,0.500059829038877,1.25316056319905,2.27444531045035,1.85935486198819,1.74824421313983,0.806447257936071,1.74964487133518,1.318687332668,2.2926362279561,2.56226495465257,1.60977169175,2.3549317089431,1.25910272107792,1.7883039385901,1.5906377170163,1.81885017859483,0.786486376450717,2.422678470361,1.61900623434471
"Gene0002",16.9624125580605,11.9222941316411,17.0695618445603,12.982352918964,15.7957201239531,17.0548862790774,10.2384896027872,8.81719649023181,10.3902406149156,15.9870201783072,19.2873300867712,14.6100995880504,14.8759679631247,10.5766093407586,14.4168864884224,10.4147724937257,13.4432264278871,11.9843496450974,9.32645746261632,10.2308360566109,16.5310784782084,12.6171270714912,12.584325459613,13.6972773446949,12.8510206646784,9.63455196590392,17.7718449987939,14.9914154004591,17.2313655410325,16.7711513344123,18.5810911183002,18.0578375253563,12.0969826406101,11.3154924436557,1.45412940915785,2.42857598496763,2.28654391429281,2.33656399815727,2.4293646588897,1.73213679914495,3.68510935601588,1.40197289365226,1.64251700784827,2.39279867704244,2.33070939849886,1.15930317831359,1.31341819193976,2.241795687409,1.44780420562136,0.659332408623165,3.14960466562163,1.75662499333517,2.00583614839745,1.8493583105011,2.4135017257899,2.39442191244438,1.74338054296098,1.74748815462427,1.92126845725987,2.68737502703812,1.62479497392736,2.42600689823599,2.14207805031264,1.58616956951024,2.33801719866764,1.9603509731509,1.58615593513873,2.71640540683843,2.1392741375368,2.03722911154327,1.19184091652265,2.11919229826921,3.02976264538884,2.40712877148725,0.871640700976318,1.9364380829289,1.54649323276492,1.28435186915078,1.04984847246627,1.52645505817486,1.80793369736689,0.888565287678593,1.17666007429053,2.26261307266111,2.65756066769136,1.33804370750542,1.11530324967572,2.08209663439807,2.26326677418448,2.3129719656511,2.05117359319033,2.02942012631809,2.66310015264658,1.49292453283729,2.4398942424621,1.57018884260819,2.30274128222037,0.579721238827942,2.49541305958735,2.82243088585794
"Gene0003",11.1534773854037,7.91791592816035,11.8155537063958,8.29837354160407,10.9594192937365,11.3619675111994,6.79155208939171,5.8055171956988,6.31820927452112,10.7342575168176,12.7130311245979,10.0581629096578,10.0091371142257,7.81587192111644,9.99039915674422,6.77528040260531,8.99468915238964,8.09628984115242,7.21300362606916,6.91020819303267,11.7837721397037,8.42807706252393,9.03351902006927,9.45479629861419,8.77050587822176,6.38206600642869,11.6336495593561,9.94470373981816,11.8652408128652,11.318337604704,13.0080467741889,11.9089923138203,7.9558198869927,7.8352791141612,1.06592035453548,1.80039777746557,1.62520381288442,1.8711575628773,2.20555187648937,1.54130614370741,1.76859200082664,2.10049969848429,1.30610222010199,1.56850715568924,1.54243937053172,0.961377136102676,1.087832510405,1.48471151620435,1.04757466615119,0.59287567479473,2.59313221021183,1.63664270901247,1.28043359993424,1.5036783182201,1.92504516612366,2.24112109362958,0.911887263274218,2.14922843323715,2.03139500159615,1.65080828363239,1.24796597829478,1.58373625485861,1.62840896843247,1.18821297419537,1.7156055597923,2.01509062055415,1.06046845129158,1.83283556733596,1.74633907198304,1.81049654947749,1.85443319872811,1.79930299071638,1.91195368939135,2.24250801456158,1.32196425820978,1.88489036743204,1.51155455524298,1.60102994873785,1.37812384783581,1.52714373022758,1.93404559648776,1.16461852974945,1.08850519587959,2.33878286130967,2.43983990301071,1.33443913216435,1.55579253797473,2.21936095437408,2.04955248791723,1.89884739714814,2.09077641658881,1.04946789578333,1.554310474177,1.76098256199372,2.10344028673902,2.03614974550423,1.55719917840838,1.31409664006643,2.82316770451625,1.72859689572479
"Gene0004",15.5175142571857,11.2708258802549,16.5821644275445,12.1105994659889,14.850743208296,15.9230971373578,9.56265487066035,7.8791061015391,8.90031249275678,15.0193653805381,18.2285542748748,13.7648225011408,14.4763432388495,9.5756675055038,13.6931313848505,10.0069445375829,12.3254741967095,11.3971858136419,9.30798280259539,9.83133772180759,15.9313831848437,12.0577376090822,12.0190748578701,13.1806298124561,12.2429472870175,9.4180517521858,16.584623425737,15.0279858440754,16.5896763490345,15.8549867193009,18.1221457276518,17.9863537075597,11.2556276191261,10.2101640167723,0.948482490777985,1.2250780842244,2.34294490629739,1.39105197452496,1.79409308807388,0.784700711305105,1.69258796012425,0.569598464613822,0.744921436510991,1.98930753577532,1.80077750561289,0.984720048779123,0.993290262023677,0.822766187189861,1.17288136876272,0.62251402957314,2.06918785395337,1.57790162090623,0.556328511092126,1.09783095633719,2.36639571684918,1.47217987030899,1.0248889026726,1.17175175457276,1.52651273951472,1.95079073608358,0.858559331241144,1.34205732308651,1.68102727161907,1.36731360604426,1.42951671139142,1.07080070650043,1.37536833083749,1.67636151310591,2.45934899109218,1.05492526286267,0.870362487959506,2.45035603323476,2.12342316917022,1.8468952617648,1.1582645630755,1.36793505459673,1.19334177830216,1.08685294652926,1.05152765325419,1.11687040181073,1.10677786205223,0.852945976494881,1.30663469261587,2.11121004889626,2.18820603531124,0.91200844143339,1.37921730234455,1.43542104499368,1.34812228122932,2.6521975498226,1.62853182070979,0.926650871438469,1.99143305247697,1.6079434746026,1.81891107793233,0.975849733030868,1.4655316228756,0.480099017345552,1.98994209666324,2.51421014430678
"Gene0005",13.6970355846141,10.4283209502983,14.8557205900274,10.5264365930372,14.151138240156,14.2945253394265,8.62402221357245,7.84386178427267,8.41536561811684,13.4283289124303,15.9202231880026,12.3915453448365,12.5611352276823,8.54320038544166,12.2859169976542,8.80173175936292,12.7245235055945,10.2440007550232,8.18380348413756,8.51020833128645,14.5322146981452,10.9508126754216,11.0471669324941,11.7878467156683,11.0336815036237,8.08306219737527,15.6453765487874,12.6602634414353,14.5588621479517,14.3702107484214,16.3525094876472,15.5293667279942,9.86350133462602,9.52011338366057,0.69712537012594,0.950278582183908,1.86979231555038,0.787778223190749,1.2035704943921,0.404405151732971,1.40809693971255,0.554696606504009,0.479566622170089,1.45141522985034,1.57873270289347,0.548061319467066,1.09627161469218,0.682066803746389,1.65752336568034,0.471152970058308,1.92204863914377,0.520803788729363,0.722817135538525,0.452364626432917,1.55466448316469,2.12988663025648,1.12192415623562,1.14857248836627,1.46972197865239,1.38824073670728,1.54595695516839,0.688114669671267,1.73754738851794,0.875932986975614,1.25555411130217,1.88429359372011,1.54030246074094,1.76484105117473,2.27342365787708,1.06921010950613,0.885392327151947,2.1135211755266,1.53152242484944,1.92285168665614,0.733873084680226,0.959336332312398,1.79083513185235,1.28619335743261,0.98599705634312,0.73059036172299,1.27123692345093,0.647530581515558,1.06158872950987,1.62763424953494,2.29650089296154,0.849908128219313,1.03738608837418,1.73651232955902,1.12992506939296,1.99253829019827,1.76057856422736,1.12961573846691,1.96120315833307,1.02238319580799,2.73756286229782,1.39532245693492,1.49764047837362,0.429167657729603,2.56244682565782,1.44577434058652
"Gene0006",12.7728863472459,9.23623028385162,13.6089886131408,10.1021738995714,13.4836075472031,14.1625194088386,7.91822707153468,7.30654896371545,7.39064993194321,12.5533813695874,14.6313854273677,11.2143517357683,11.697525937764,7.93231490082483,11.4147500237133,7.95213520414825,10.6094925725597,9.1745312322773,7.41845795525337,7.86662738856077,13.1205621205993,10.595737797347,9.8756383729337,11.1741336294555,10.6107587786578,7.91580980299953,13.93320204497,11.7638267117067,13.74846722938,13.2294472060154,14.9549625810679,15.0271776555088,9.27483721809224,8.66346878591089,0.799461415935772,1.36319206696532,2.02173675744824,0.846943722394629,1.04080426450103,1.26773055678669,1.62897204835842,0.699363847469553,1.5295438653274,1.19898730487471,1.36194711292821,0.820120890471026,1.58114786613322,1.79808166117218,0.998147000678228,0.703378248599016,1.44133655653216,0.847266046087652,0.90641399905978,0.532983082273791,1.30233836197399,1.25806553357622,0.868499674830966,1.33852301400302,1.27768109526263,1.8953747120351,0.842068079829948,1.34799793114897,1.80901636081881,1.16949148514547,0.757858094064035,1.17734048506245,0.536807572046613,1.52096248907585,1.69829063827276,1.33472221934358,0.82635582225175,2.24902924680187,1.54449650958291,1.91937433684627,0.833633446896024,1.85559977369673,1.8322741994677,1.04826859593432,0.975677948997985,1.34880254767273,1.51893837287571,1.07914992817482,1.41369129220706,2.34004090457614,1.88747293514898,2.16091405011977,1.33621957190067,2.2423451544257,1.6761408979837,1.68153762272811,2.50299209476436,1.24402234669779,1.36552489284946,1.23595769842098,2.5157690799612,1.6516025064432,1.5585526430133,0.754174246164003,3.04806371083509,2.46262241439088
"Gene0007",14.8061526686597,10.8771143676568,15.9163204509893,11.3295421174252,14.5678672432707,15.300414081107,9.88809346540334,7.8813718235843,8.6374511150775,14.3739766891487,17.3862728714947,12.7436349668109,13.5790837398586,9.39298749572492,13.3979821182077,9.34519127140785,11.8903362618239,10.3674639855418,8.37921868361571,8.95756021322413,15.3830017667349,11.2541827814585,11.6753539761194,12.7935416300767,11.4899574186694,8.63092610481693,16.482892674772,13.4400851795542,15.9590708347183,15.1434174414713,17.1904737392419,16.0077984598891,10.9965484607372,9.77512567816605,0.541838329968812,1.51704654783096,2.05001455366482,1.16003476059152,1.57685032235523,0.570080468179798,1.96397624119535,1.00317405603585,0.808856297404569,1.45560147916064,1.65397253735837,0.579608859475401,1.19574217838492,0.931547104652395,1.58176176575571,1.19222370657425,2.66093499907723,0.957828865071697,0.398381556662083,0.541059514644334,1.60845547366891,2.17981966739214,1.40340241575791,1.22641913706009,1.67197802536674,1.93101350817812,1.24657264348487,1.00108454096002,2.64137286781504,1.08289758541261,1.54673086144927,1.39837892184257,0.558767577650091,2.15159646198981,1.84495032375271,1.3850694415221,1.03939098714037,1.96469532787437,1.7781775627304,1.92409120195525,0.86500997544404,1.25350692830479,1.47594795352361,1.16032677205635,0.91265484802875,1.08360214500511,2.11269059243601,0.992132462937146,2.1702708639009,2.77524505804065,2.61246063890804,1.70067048234682,1.24953062395732,2.17924962870021,1.85409684171879,1.77483642291568,1.73537667063414,1.11459546417908,2.11845974776647,1.25824274958322,2.7276394244994,1.24237280742565,2.00111566608205,0.524662654356122,3.12227237659121,2.35382169285553
"Gene0008",9.72784114692864,7.46713875916335,10.157974210524,7.68897578248361,9.42005864707076,10.0646212102155,6.57758980589539,5.01655699230156,6.42683051733932,9.37182295197323,11.5400700321699,8.56791872068794,9.28906293598397,5.97369217947659,9.16169510518489,6.16361593782578,8.18363264522935,6.93571930606349,5.75807189330823,5.92889306072016,9.72410629681218,7.62333703002798,7.5110815383134,8.41236603773632,7.62285880062565,5.82692236054165,10.4573869202363,8.6202531847495,10.3719529710437,9.93824193976557,11.6264778184735,10.8556887299696,7.88343834550681,6.88404651543697,1.09947785165066,1.20851730570766,1.54280851003144,1.29154589156359,1.45555442909075,1.55040636778008,1.58842733274889,1.83969135754269,1.33107991824882,2.30971342505167,1.25121658314647,0.737532524663589,1.57430462702406,0.937445874460526,1.26248050963529,0.94789261164812,1.9117412159458,1.14596563169805,0.518855116199119,1.29751905929988,1.64605338220476,1.24505562486921,0.74395624912417,1.48263640517924,1.49192988666824,1.75488634881285,0.719012871494713,1.77436676073275,1.42153026017366,0.786233999482388,1.07609650890408,1.18302422189772,1.18764496527114,1.37823934924693,1.53426053877544,1.17219938739108,1.13222240678907,1.60461729568556,1.50535074580255,1.77630467726748,1.16318018969964,2.10279095584242,1.33964956247416,2.01834807658665,1.07278205217907,1.85343296472147,1.39617851094405,0.728543448730739,1.15468642479266,1.76456955647724,1.93502593898682,1.03579629757602,1.49088093797077,2.03487362152878,1.45414346972911,1.63219788778425,1.52935050056605,1.31563021743765,1.98428674124735,1.13689866156673,1.99094674020287,1.83473196019623,1.35138296898285,1.30947516109113,1.98334987910568,2.12684900196407
"Gene0009",13.9803312377394,10.1424139055541,14.7054109637606,10.6676413877236,14.077940231932,15.1183840978106,9.2485061430098,7.58885764328127,8.65455441176881,14.0174199213609,16.2430430418335,12.4755201177674,13.2289710240954,9.01814472423998,12.348695717775,8.767323496677,11.4644507466944,9.86777260378005,8.2647569244874,9.29327218504712,14.2393595014697,11.3951214753907,10.9185552872316,11.716885735536,11.4026759278089,8.15063715691097,16.0144372371488,13.2126108240662,15.3765433231397,14.611386693447,15.8161548957649,16.3012727910102,9.85546135602461,9.57374820029679,0.621274612246289,1.08597819950932,2.44479144856967,1.0866142742746,1.50839277594309,0.505475926876261,1.45272914450161,0.795721530076513,1.10142901752528,2.05164804234668,1.4896045230497,1.11206668284322,1.08848009876303,2.11912885481723,1.69988317556828,0.786920075315608,1.98113978295304,1.02185229616217,0.704871498643821,0.931459181315774,1.11383761571731,1.41548444204103,1.15330468463405,1.35997733576816,2.21826374062149,2.29620261670017,1.27558465770215,1.38618448816496,1.38360668757703,0.869681597721673,1.13746076698489,1.11081279670659,0.752770364504969,2.45586538904461,1.94161861280659,1.68481730725581,1.60515251458402,1.64782567897704,1.82608671665114,2.4941890719704,0.657740704814163,1.26554867900901,1.18345357707247,1.2635769406394,0.759977271203068,1.30106582656848,1.09333442955605,0.860995773496742,1.27431041869917,1.84428146953838,1.63908236777448,1.13788034685567,1.12674984917602,1.33946352884132,1.76210848545834,1.6228320626538,1.79077129661363,0.922344826604586,2.4571025764455,1.0850338582969,2.04110722353278,1.31214862819214,1.9496804118341,0.510632860414536,2.85387953341646,2.03282031868714
"Gene0010",14.4659231547767,10.4371885933484,14.852893493481,11.4531380697053,13.8857200737055,14.7896117548113,9.18146514434758,7.3997384899935,8.54526369937204,14.5973378061557,17.0462695031735,12.7771905326742,13.4099327822391,9.95942947914764,12.9828539798274,8.87848998049626,12.3491026820655,10.4746717919485,8.25234714271695,8.99307186548871,14.8554776413226,11.116018106514,11.4769421918901,12.2704739530942,11.8345357072184,8.79923521404789,15.4259160304351,13.0899115464351,15.4784920847823,15.1487303292025,16.4739554503376,16.1182146888765,10.6135635531337,10.0318165987691,1.38922084432921,2.63027118456056,2.08408002713296,1.64897291115414,2.82061388752183,1.58700232695644,2.1208311155062,1.60674845678104,1.8756985130538,1.78149568691154,2.41048048024591,1.72579722558186,1.91229209831321,1.32212922058522,1.54751080022469,0.720186959794641,2.61057488737837,1.43532474629628,0.872421917842888,1.87526414385896,1.77974918323898,2.08617147112936,1.24272262623482,1.61594702928929,2.1700033167652,2.1196150623043,1.08470040487232,1.45685356031506,2.23365163531275,1.31312765958674,1.76307541400638,2.10650130454055,1.13224163861065,1.90791045209881,2.44037047195663,1.52842998557481,1.14585368193122,2.55213873666745,2.15278404396681,2.79841207453572,1.53064311515957,1.89122771556911,2.27994635873899,1.63575026859493,1.15123787610211,1.64047038225363,1.97719001819335,1.33327020966243,1.37513963725298,2.8267786077356,2.55235422540099,1.23229816181141,1.83985403502118,3.32683281078082,2.91159901503315,2.25861007361061,2.13393162804995,1.62864840854102,2.55474736320446,2.32500567746303,2.8444712975347,2.27339618070264,2.48299242504437,1.53634920590695,3.19930907631641,2.33660561659015
"Gene0011",12.878123607545,8.95354036865355,12.8501557832163,9.40841047630504,11.8903663755469,13.0680659800583,7.6094377117009,6.2517314300703,7.80837627790448,12.162937930359,14.2961083915504,11.0734061140839,11.4185699726658,8.19363890227023,11.8314938118521,8.45295752618072,10.4473500101744,8.75618850682394,7.36528803263505,7.88950422466483,13.0732140750078,10.2479934282078,9.47301214084158,10.3912166839475,10.0055375196139,7.32932552807907,13.4479198420943,11.4836620165084,13.277948761351,13.7552460653083,14.5293852858295,13.5700640791812,9.24299318435716,9.05325062955259,1.1617131332443,0.901035955821731,0.984377565502592,0.893778843567585,0.909604801169979,0.244027874095504,2.58186605834358,0.819756612432607,0.933066796220146,1.21631234653332,1.56868711302771,1.27263722095868,0.848538497746235,0.674827673392866,0.699648344552387,0.763076072191407,2.26151489512675,0.623598375733667,0.370153048188923,0.408978644463067,1.10135504588428,1.48180744248093,1.02643207906682,0.659798502324669,1.35645365035828,1.45797560079089,0.281039429620419,0.766076308486939,1.09376298865731,1.34277842347924,1.40696710973303,1.29352911703271,0.946073010204468,1.67753032681977,2.62000022732899,2.2000071271963,0.938276817865643,2.55728367551716,1.64936493863109,2.23485422152108,2.09265321340574,1.78391920116578,1.84290131530107,1.2919870857604,1.87667515757634,1.4495705377337,2.08937764083535,1.43214573330798,1.17551188721718,2.20214087503038,2.19288020742177,1.43339551697802,1.40283653469845,2.0462536999501,2.35349122551458,1.82141712549641,2.11324224803604,1.15518575480882,1.66825147005678,1.4300172572964,2.58264925408687,1.7855350962031,1.70310679593356,1.64363386135788,2.92149529485943,1.95391184257162
"Gene0012",14.7013675157226,10.9572304089011,16.1534827172293,11.6692372671373,14.0377261331629,15.9192694250851,8.97620797759457,7.26274385521479,8.85489444787187,14.3316004263008,16.8258801847042,12.6616035696858,13.4322718889521,9.12541656187693,12.5289209772439,9.02382077023585,11.6639937246638,11.0112189884587,8.33730044570108,9.20624540033646,14.6811725597629,11.274963269064,12.1523715925146,12.080480370025,11.8354248504446,8.39467143994678,15.8807880299175,13.3199151083671,15.6638362095752,15.3190738948054,16.4073098414007,16.3421589978198,10.4630512871153,9.67503373392671,1.60850718458367,2.23235621338758,1.62063089306708,1.64451048985409,2.43640472570909,1.31854676334349,1.97144329120558,1.29265102929031,1.01106606961296,2.43216634888825,2.04225698090485,0.521789561669269,0.998754175719956,1.06914427231821,1.00195448926487,0.419394845488305,2.08711505883254,1.23400325546665,0.580683935331719,0.823230694967757,2.32090661863752,2.01636371242453,1.5561580637083,1.12037665562655,2.07056010318254,1.87175804294686,1.00842234169043,1.46890380622144,2.36635512686427,0.848325722769638,2.30142376863053,1.33844626307239,0.749630344998738,1.75685829989034,1.93512667273757,1.77296032956219,0.607902032772469,1.71037692761993,2.28142444757593,2.14682870228218,1.08876547164283,1.33565939266158,1.46690560149665,1.18955770559686,0.825213893110844,0.525231650011153,0.98045164927176,0.848146277830862,0.772504447341761,1.58920074545943,2.10523494347143,1.54922393832919,0.536294065073069,1.55318826993396,0.903604696256263,1.48083645850186,1.56233139209454,0.758951724872841,1.59136746372574,1.0552574959947,1.93594691089524,0.875314690743898,1.62639807756133,0.31777191504098,2.69356181662299,2.09600583790799
"Gene0013",16.4771527446409,11.6376929715648,17.221573061146,13.0508986898953,15.9339122078469,16.878603790576,10.7415389858643,8.5383932329056,10.0868694082921,15.9819121956485,18.6539594944851,14.5578547853864,14.8186797196056,10.291814923313,14.0711741761815,10.4082076535861,14.7980466031644,11.5387971440484,9.68285811020353,10.1224523799934,16.5072877845853,12.5638409765344,13.1187037583823,13.5289832457892,13.1633246214452,9.92182518228315,18.0439339102576,14.7131770134316,17.2910132884802,17.0575332158966,18.695662495838,18.1360199991135,11.7321830692895,10.9102902913831,1.29994497167501,1.75287859646283,2.15361909902201,1.87215934942645,1.59234079573002,1.05383150324038,2.03997773527291,1.19284293176676,1.68192308125621,1.82377744514874,1.99303907707351,0.988549121107597,1.68555822830349,1.40770306262867,1.73967273732809,0.621905911004963,2.51622910192365,1.28433031250312,1.065243208679,1.63607615443789,2.20936459521852,3.10497128718854,0.99565525812468,1.80787471341948,2.45804819138589,2.46981396168223,1.18499801241959,1.32063181625851,1.89996354327488,1.79283304862299,1.86841050168725,1.68403998543512,1.16500092163117,2.30126344358347,3.20115708068758,1.64056523268759,1.03012718078889,2.215925311478,1.99172423092743,2.44466388791561,0.982578802325707,1.94847532207045,1.48590996552148,1.51051547201679,2.13422326011745,1.55087568937414,2.11870324920071,0.782434957621878,1.79806933988939,2.75211121836081,2.92338716844967,1.35870227069588,0.895395892214528,2.18515578600744,1.94814846803694,2.28668608261561,2.12438760169573,1.581738353721,1.81217726816335,1.54151618120262,2.83142726321689,1.83203274449006,1.82671196811787,1.43179563036563,3.30142529516362,2.17133446364575
"Gene0014",10.9398211577339,7.67121289033582,11.9759823150243,8.46213106608188,10.8460025131146,11.4622740120831,6.71692509217341,6.00134608005952,6.19701499599284,10.6499333834016,12.2903596191838,9.70666356266365,9.74297012182628,7.04855012923277,9.09816498645998,6.90313698197026,8.92180348846227,8.15036834625259,6.67711993692566,6.57266496151882,10.7652953065031,8.21830101397889,8.88243879796566,9.00381398648814,8.90917758591589,6.7019376393042,11.9097408498748,9.8668443808012,11.3911212187397,11.1647900523861,12.6522376512263,11.9800297304349,8.10588959363627,7.33813810496372,0.391049653246391,0.56514413573144,1.45034125559689,1.25084063011666,0.921535868488709,0.919586854488461,1.43217159204721,0.311746010770591,0.572473629124771,1.10798509544386,1.88771093015953,0.580858347194799,0.554023459651982,1.17060041654047,0.940226658576295,1.04184634355224,1.47155672279446,1.11262362858163,0.612528911367101,1.01248520498571,0.740856797782284,1.8457256237795,1.34670388028845,1.69406340526322,1.48760859271072,1.36033249248346,0.243279668045464,1.02637876672583,1.78109458569327,1.49090428964603,1.40295867410554,0.88058355430804,0.76058730024893,1.59861946788422,2.45297703856654,1.58617145719374,2.03354203025733,1.75863673223061,1.43451335546286,2.05142483758264,1.43248213339474,1.60564199978019,1.99581306348961,1.31639107177896,1.26737732436944,1.66215490840373,1.99281685602092,1.48099320341739,0.989862933974406,2.28987333955358,3.03159305585765,1.58601509944144,1.93279648664302,1.97986130883042,1.78876890880654,2.17286371662296,2.177679373077,1.34116684735869,2.10076601096217,1.18094722257366,2.69297862763936,1.74249009075212,1.80464893901195,0.981696355185935,2.78000340162163,2.27880294333031
"Gene0015",13.0640444601575,9.28531175720314,12.8492475123183,9.64382452207126,12.165132604171,13.3859304678163,7.82396845438699,6.757448296491,7.14028127017353,12.1330026730415,14.2724318214833,10.7884536202697,12.0985383615704,8.16480359688811,11.2755306240352,8.58480010702296,10.4038607134869,9.15912659916739,7.46755514464062,7.8076238574311,13.3525722899237,9.73236956490732,9.60436721095688,10.4100523477044,10.5953308053306,7.84562045082224,13.6585472460998,11.1581135518312,13.2777642720642,13.4517331751207,14.5742103646236,13.6079711627986,9.02136961479222,8.46990263770591,0.886866823935579,1.78968606126119,1.9791661312999,1.85317944393192,1.80383508314137,1.93158554183534,2.33727656807433,1.24690205371977,1.33087524579559,2.14795860185758,1.48590725925023,1.42362066761274,1.39626425152851,1.78194948614054,0.995357481607849,0.550590973939217,2.4171792962159,1.16952180043565,0.580803014007324,1.00753075615491,1.73002063730759,1.63554671135759,1.68775398390933,1.64196782530956,2.08481223704982,1.95281998908471,1.27284521566455,1.41577677967892,1.60375991869138,1.30150148975052,1.82563682150273,1.85027533919934,1.03659806507434,1.59476666203183,1.99508903610318,1.64448300357364,0.744798057364325,2.25682336442755,1.48164498645946,2.28633735438604,1.06540852968713,1.21662251148946,1.17198183091178,1.68095434839949,1.12241739971046,1.41242647265264,1.3444308953855,0.559301822520966,1.0664498968953,2.92935647234943,2.05189488915925,0.965426623663912,0.920422788346133,2.08395510715024,1.38557793143554,1.5175059314258,1.6965759039841,1.37162289036029,1.50148971941009,1.27165775224341,2.50402583314348,1.96374452112931,1.55458976755374,0.779816681730529,2.80315821324485,1.61876176080211
"Gene0016",16.3068674766548,11.9745571997598,17.1935992784771,12.4252085959363,15.8312566601819,17.4750722565994,10.0546223015443,8.28233842965391,9.40215227322242,16.128393150998,19.1168222812381,14.6811842547882,14.918898509556,10.4745610814698,14.0971134994656,10.683629643978,13.4396345186951,12.0721947776213,9.84859085644993,10.6566008542325,16.5380406207129,12.9244783626797,13.3261830593728,13.4141741575224,12.9609367947814,9.85085053644402,17.8629885910722,15.3156985714897,17.2834449655574,17.3494498989159,18.9188802281627,18.5529303337646,12.2337386848237,11.6534224716488,0.79113200210134,1.74887755767283,1.70089188551836,1.6119940030614,1.69761784918951,1.69063727418205,2.27646079643019,1.09328664089279,1.21507922867674,1.81430641792573,1.75534966052158,0.724148038720958,1.18896827171236,0.80118771673766,0.773124932731986,0.199353542213066,1.90012051666564,0.898976113004898,0.909569849819618,0.660675678511003,1.65407469252937,1.33575431530503,1.05050558519252,1.35289455244555,1.76759096769952,2.06766236107028,0.864603439535321,1.3864528400455,1.62196100585046,1.48556137658276,0.977877551937921,1.22735319257857,0.527159982305432,2.34882354532735,2.04773401265305,1.7832556479676,1.3790210439137,2.3744040431211,1.99139561025919,2.22776227775195,1.55539742163409,1.60509763171931,1.46025194422852,1.2197462196278,0.910518073170914,1.66153235260404,1.73718743549704,0.827256215916142,2.11396435963806,2.42368161494042,2.34755388214525,1.14233986934104,1.32388216110726,2.02929339995505,1.75054735614517,2.65115648138582,2.11164754473689,1.23811951770703,1.76519030853684,1.39753762988587,2.57601149865281,1.83489633762079,2.20122055280588,0.803169528839136,2.58424277864679,1.98271559925955
"Gene0017",16.7400593985331,12.3874021149252,17.4180076343892,13.0265053087452,16.1383757755846,17.2977920059411,10.2359068505137,8.54633179277254,9.69601688159202,16.3592692513288,19.6716605880961,15.3979644300147,15.1763533054294,10.6819743175052,15.016867136882,10.7144687266699,13.6427066427072,12.2422179515588,9.45710867591452,10.6915790373309,17.0440983877831,13.4945296900563,13.2580256878826,14.0181742743533,13.1738280180827,10.0182400113311,17.8948706953453,15.1735522469863,17.8178847019877,17.3147684683173,19.0680590677912,18.470203510753,12.0106402380588,11.2699341587672,0.851119673570269,1.54564749536849,1.71639328123059,1.3959935855125,1.75846700620335,1.58337480694358,2.75870442867475,0.938655185249968,1.40869820256037,1.91177273866625,1.92074902807139,0.622384361652412,1.15749499953241,1.27618178435655,0.986666621470989,0.438944266417536,2.44237209784031,1.18710550718167,0.740734400192219,1.33542159842089,1.58335538109001,1.67175730392894,1.23355139609911,1.28849199630419,2.30175141924816,2.03691759901579,1.05516773626567,1.57652210621285,2.94621572898457,0.983852960210419,1.24994318987408,2.44674026297115,0.801998590618607,2.7232402603066,3.50723395745581,2.10966233667545,1.20223294624346,3.32601675362532,2.35516566352387,2.78062574319485,1.44972589812354,2.02770341427667,2.79842673602922,2.20353586478283,1.79498198982045,1.64566410150169,2.17054156439758,1.34676262799504,1.60618401290737,2.70287464050749,2.40915313807574,1.3935005298574,1.21097500158024,2.90342795746706,2.36460796756385,2.2965101948947,2.4469687445807,1.77197335236259,2.04724181691256,2.37679489886562,2.77450962712343,1.74202414732866,2.37516987223702,1.01223809379211,3.61027008168193,2.57340764925856
"Gene0018",1.14094512875246,1.79411967845841,0.730630441709775,0.617202340238677,0.542068139746196,0.949693827691177,0.705222791408011,1.20705814795612,1.38106546428008,2.06045586281965,0.689542655223533,1.79452936492822,0.895471190393981,1.29235846666268,0.602508071343868,1.2770040791233,0.952540959816115,1.60263991915734,1.42698751725406,0.4887249596272,0.830168265893644,0.267512889185603,0.229868821810865,1.47030409600316,1.30439589773355,1.55284926946491,1.55218568186473,1.48558871773606,1.47070765965179,0.786735764646831,1.00255767281073,0.954235792755363,1.191209413082,0.819261438795435,10.6464442888039,12.5408431874169,9.56984533673158,6.97756214468044,10.1897343634209,13.769903047894,8.25118094577866,12.0069298285226,8.51494413456493,7.03490694716226,5.78317886707539,7.76293575054538,8.79796031909408,6.67561345816569,8.13619896311625,5.79160237733548,13.631338914341,11.8638259738543,6.86794120263649,12.8705318701557,10.3222054334166,9.67938537456758,6.24188200965078,9.92597850313491,6.02376269982531,7.34412972328171,10.7467872654603,9.9602343240753,6.66998448792509,6.88649237350229,9.54977345381981,13.1719622105021,8.37527734014278,2.26150833200797,1.15723468897547,1.43226567160972,1.67891864819799,1.38660290247022,1.81898814454092,2.49032813735031,1.42535672663312,2.14156927950474,1.68544841515062,1.73348235382695,1.86526185429626,2.6229512692727,1.71086187953902,2.19997029018877,1.77066857663052,2.12338351980198,2.93764570701825,1.47485827190338,1.1551345567595,2.46407634315759,2.61156007045623,1.75767253220491,0.900945841191466,1.28969156281374,1.31119768701459,1.03210922695226,1.83499995228673,1.41501539773822,1.2189978194908,1.3833400828758,2.06154707046515,2.04003157960113
"Gene0019",2.09124904637946,2.09211356746663,1.88763534636638,1.27486159821954,0.997691902715777,1.1318624133955,1.5516216875526,1.95264288866105,1.39572613061869,1.856640418437,1.28861036431142,2.48720295608745,0.862292318800742,1.1698000760701,1.13308173131947,0.90809982463709,1.65179055825206,2.58517928173867,1.90802553046335,1.00388326290435,1.246627167454,0.879172278604411,0.699162220544338,1.4160007261189,1.32017393868516,1.78735324679391,2.08749738115047,1.23218743478422,1.78730766119244,1.75202593684238,1.90795935354823,1.43542727524353,1.60205387098352,1.50904337098062,9.88847043769343,13.0943801341861,9.66706279618602,7.0699607539239,10.3053421952396,13.8229413449918,8.60257738191752,12.6366499790602,8.0878611940528,7.03124069887808,6.66572240249882,7.61514168295899,8.5303793943723,6.79289242846658,8.10933272041732,7.14445109927169,13.8540900985333,12.004863314257,6.50344121080702,12.4934295623238,10.1734738513313,9.41828455287451,7.00996660907266,10.3006059410897,6.0468442258568,7.29279196671674,10.8860355833431,9.5995039427312,7.47582537791489,7.04331815225808,9.64283810509223,13.7976530380832,8.25957620118943,2.10573398822593,1.32641923791657,0.957801889927884,1.49157921165565,1.35499544462168,1.61878996323384,2.3378435196654,1.7014285016709,1.63270839204387,1.2089980352435,1.42696250851682,1.84082153304187,1.8175424883655,1.48788462930952,1.82708375046212,1.68418806509986,1.90326810825079,1.83687336316799,0.871819987590986,0.917862265546208,2.4638410536924,2.15507190478562,1.70637091064687,0.633113019273685,1.24994713869853,1.5270646360756,0.841122390560337,1.24748394234228,0.831939520621864,1.02923906167747,0.81554144996864,1.85401361526207,2.84793619555228
"Gene0020",2.08267239942903,2.29507851223966,0.968336526035679,1.13375889449299,0.974946728079598,1.28884649895176,1.34451532146042,1.51132926941877,1.57013801102481,2.47725238960634,1.71609251137976,2.87083397172933,0.972084692237862,1.13089190204094,1.50525721289714,1.63324291830099,1.76936778254697,1.73472764613563,1.62956720698901,0.906840397667684,1.09954516933176,0.974348189838592,0.687372627219167,1.6144414858013,1.65992075741662,2.65072727068671,2.31881648322803,0.88490271310811,2.20829279734155,1.80349051862429,2.02073626568806,1.22816631821485,1.46872201180715,1.41741974350647,10.4188451233738,13.8010882363602,9.96669875126333,7.40904281043625,10.2941848517856,14.7400337304233,8.73375193362218,13.041401844875,8.54874388241149,8.43140736444841,6.55088700900636,8.06608156888444,9.08568091300509,7.59060642006766,8.60458692178048,6.51864954806576,14.1865079208166,13.086804050993,7.31971280763857,12.9640304703436,10.6450696133377,9.58450309807976,6.60151149964207,10.5690555106889,6.47206134726073,7.58757867023259,10.6778768891457,9.77343518668515,7.36157217925067,6.96861106568933,10.0981003029126,14.1992880765889,8.89124206854773,1.84453231528218,1.75118858805413,2.03834504994418,1.99282554001799,1.77484765121534,1.42181907957432,2.88283783492037,1.3001670084837,1.99662648633243,1.5754455291684,3.02237607076217,1.79929170868968,2.37720896966552,1.04709358018637,2.11874641548028,1.5952069936383,1.68500973046199,2.23880818369914,1.39786429551725,1.13583526114209,2.3375197623794,3.15272411141111,2.2491397948528,1.21676670251071,1.58634936680682,2.65285028546371,2.1517958899319,1.6369837681519,1.07832058315503,1.24039557414788,1.23262227350768,2.24720396600701,2.33502635650486
"Gene0021",2.74058572603571,3.15245009586629,1.60903661903072,1.28972548359741,1.82855723582362,1.57004245931691,1.79425617862826,2.32833956152764,2.00379024021393,2.99551031063382,1.78839118940016,2.70417798246259,1.93246293335152,2.09927399785578,1.54429476459992,1.62216683136231,2.02683531092491,2.20037587384368,2.14487450901204,1.80909545479146,2.15897269405682,1.63901163311239,1.31255547112503,1.88239114759109,2.20933858432113,3.22138346356831,3.05380978009277,1.33616408593589,2.71784994568294,1.63938152646107,2.1028668415887,2.21350737820503,1.47188696880596,1.64804852333519,13.4639990519729,17.353313726308,12.7441297853825,9.32299436679367,13.9628638376984,17.9597065853595,10.6501493000755,16.1819204929984,11.0885894056781,9.43178111504204,7.81624287265199,10.2755401022936,11.1272366115969,9.79535884946834,11.0968200060405,7.50644401721415,18.88072440286,16.0005239266237,8.47131475265057,16.7812667253698,13.1703224713465,12.1798910030798,8.98816740267103,13.5971039001789,8.20434751588751,9.56861554443436,13.3609945903772,12.7492964316066,9.47548443798329,9.0846662831594,12.956989300496,17.5156901676069,10.8836687757539,1.88679518785781,1.62395223056171,0.640499294505576,1.04451729307541,0.852651830077669,1.93492991133819,1.99445142591286,1.22941551557973,1.29640971753236,1.37571318598613,1.55539924434142,0.912134243763089,1.73053940532372,0.477953350198656,1.74538930648307,1.74397738337159,1.35709612762255,2.21120391599862,1.3796184967965,1.41136183223724,2.26503936872287,1.76409455063983,1.28708233787272,0.400303500125274,1.46299858317131,1.28651503407449,1.04585108267539,0.917797892357342,0.626457550921358,0.958932580442439,1.29631708553756,1.5352697015892,1.58947160632467
"Gene0022",1.06041793266671,1.46780442774088,0.400797997702027,0.944881159720715,0.507902366464857,0.405485464929571,1.0083495865565,1.15319711003797,1.10009456753296,2.42580785134607,0.772197540071503,1.26715323181222,1.53849063052399,0.999938006894172,1.03558474186469,1.64927117793929,1.14294899393704,0.933604756698822,1.56574592955502,0.485968937223039,0.846292572905815,0.779708465546787,0.283273724818659,1.86309961569289,1.30143956239905,0.886802060966013,1.08258342509972,0.539150811777821,1.51199683608751,1.26323043233798,0.890246767494747,0.623464350178836,1.52727921249868,1.34904917673591,7.84386134290796,9.99565961065428,7.36330371259061,5.77230478139444,7.67324661105412,10.2345639652556,6.3577769062852,9.51870019214085,6.19394521948841,5.69265481894192,4.6473741179144,5.85287612326896,6.900175594522,6.2578598106791,6.1293743451331,4.64161883696158,11.5545842244627,9.71167894184919,5.20461857683515,9.84012811111581,7.96987371254351,6.96368908507766,4.71532235061517,7.89854932655261,4.63970656452733,5.69622575754649,7.70798482553226,7.20332636657129,5.24036380850839,5.8944931392266,7.78355462376705,10.2703532497433,7.01039651590088,1.69994242914462,1.75708761726324,1.32330548668745,1.03660483763282,1.38759261102881,1.57612328633062,2.37139925193208,1.23797021571981,1.8940049831531,1.47922315396937,2.00657923053114,1.18695354058162,2.16210857338691,0.956827825993276,1.49694039944433,2.15635245780496,1.54137936576467,2.10516671335304,2.20734001620916,1.07322266387077,2.03244103049303,2.0270352447177,1.41500125333536,0.71332647265269,1.23831560224406,1.63243404687199,1.35776147787068,1.52393874000981,1.12536347321755,1.23382715196578,0.851867540499157,1.59952329884594,2.77083255043691
"Gene0023",2.6212130418547,2.23866953268479,1.9258255046453,2.11666570014481,1.50774962251337,1.5385799141825,2.10771399853866,2.02598734786409,2.7598359446177,2.83932023164474,2.77570344309423,2.61121386232224,2.10514401328457,2.19868420557621,1.62662361717447,1.57081967001091,2.6682070595359,2.3317974404637,2.202881726172,1.42045617119172,2.18713576867345,1.94887254904045,1.67133764243056,2.20223297420764,2.45734590173505,2.05087421265124,2.6382007548377,1.86876357994132,3.37933345463665,1.65440133996707,3.06361628474006,2.22178887269999,1.63148873497101,1.82077263698299,12.8238897454066,16.6531749458236,12.8287236895702,9.18429374822784,13.7117195277175,17.6123112863928,10.4409093739992,16.2388326187649,10.6518089199018,9.21243541997024,7.66642127419738,9.67268982349302,11.09194944072,9.40973681648306,10.3872188823459,7.34320782719967,18.0770900176397,15.8227115399734,7.9714047981116,16.3406589063946,13.1498613566971,11.9241595984393,8.01126375383941,13.591436667001,8.00725531973549,9.58941062582068,13.4534369195388,12.1932667713789,9.08485119411826,8.94632171178971,12.9010347132769,17.3723955168129,10.7774995463669,2.25376785192165,1.30209640882601,1.17197542998241,1.64174475973781,1.54589380912819,1.5532119724304,2.47674772057001,1.76729981897124,1.90588816977477,1.65632428317868,1.92646002343743,1.2696625939103,1.93749021972775,1.15740033830788,1.82001959610734,2.71838319770037,1.73679320702976,2.47009013451279,1.16021675683744,1.14887965699643,2.85843076167773,2.21143547737922,1.96850721091471,0.750499803282416,1.34990845594408,1.49525557766414,1.24769777916437,1.48923298886395,1.6186200504963,1.60422788766984,0.742554096468793,1.91801350494062,2.01437999271365
"Gene0024",3.09782898015165,2.44171943728465,1.46424837296046,1.22291320700314,1.44918982369467,1.4661737135284,1.50437620302093,1.64380658879455,2.96563409076689,2.42407739634584,1.72966628674233,2.48899421987018,1.48114149949985,1.98309275685699,2.11776136424849,1.89793097269011,2.41378454150396,2.25352390218899,1.98200850229824,2.02197186356953,1.63383940386184,1.22603789789039,1.1038787713998,2.10092019811624,2.32303972520667,1.95602109849614,2.89935067138318,1.82717818298257,3.90077966067493,1.975547996854,2.82473505402541,1.95160472547035,1.45874830391303,1.96582460082744,12.9232896073008,16.4635419297628,11.8859803318944,8.67386985754914,12.7837794917627,17.5352137400483,10.4577881469679,15.8141811803548,10.3514690040239,8.85393266137665,7.68015886233157,9.67304988984676,10.3586908955442,8.50136934755217,9.93569816275239,7.20344934429435,17.0537763250058,14.9542187727945,7.90166146431201,16.0531988091027,12.5213048083318,11.8404061147802,7.51112729669378,13.1551365763939,8.00944018240544,9.45445089718879,12.7362278879868,11.9968308366795,8.60953694703015,9.04001541215936,12.0051804344111,16.2825619405906,10.9656129528534,1.76369323975247,0.829482431143359,0.932251067722963,1.58263976666611,1.34985293327779,1.7466892451314,1.99370358482796,0.960978192546327,1.56786329477845,1.33679193592015,1.31213121034404,1.29794152432112,1.46967416511611,1.02803596467542,1.6383044743058,1.65151099716077,1.88484022560018,1.61457828113575,1.14443520924621,0.54535570055474,1.55865384677363,1.42253207106959,1.70590904313328,0.275512369461668,1.59055097973709,1.35401340294748,0.710557132165843,1.34294689382993,0.615869051966832,0.989666697339462,0.783986487557716,1.84947858691002,1.61383589894953
"Gene0025",0.869957242142571,1.42692672985488,1.0477566529035,0.945374672679195,0.687324417550427,0.448295246620939,0.568466264466429,1.4430793291594,1.40738006433099,1.13360723088366,0.35460348307293,1.23499277861044,0.849816116855836,0.940019199934434,1.76858760372696,0.664583184045838,0.841442034023696,0.975063656575117,2.22704283536247,0.397706360155054,0.513982142146628,0.218219330524362,0.49460599597113,0.797847192054564,1.65145531778204,1.26787201478393,1.51838719271213,1.55242539045873,1.86970435853777,0.37088277709666,1.12033504478547,0.852432906078974,0.925831413010073,0.884689582976807,9.10795198666716,11.6070115623801,8.22421326189638,5.99888374145253,8.82393992626074,11.764614885208,6.99452804894528,10.6286004889182,7.50463568181696,6.79186599675663,5.33386169353328,6.99545013811542,7.40816920951268,6.36564114459664,6.92464497086139,5.27076151506095,12.3161469621755,10.5186168884701,5.3679414137559,11.3960130110613,8.70548455823764,7.7378057658907,5.58544955336624,9.54986507753125,5.54321316396565,6.38526114225783,8.70523387791645,8.2603918003338,6.62965638366011,6.35607512087058,8.36932460408863,11.6249850505847,7.36317898945747,1.93390776886033,0.787222715230609,0.58019195845479,1.32267221526175,0.42629327681859,0.831820008599621,1.77492783081903,0.482482109707797,1.15137067182083,0.785049159353807,0.949018802107573,0.67167527346014,0.99021656376417,0.790245773056579,1.30987764872528,0.847882067934615,1.28214308137019,1.46128749043522,0.966957809956187,0.634894248569274,1.33396843745047,1.87229415270793,1.46671121422203,0.374106564270046,0.568374680099526,0.868196946151305,0.843903194820858,1.24264650014763,0.754335895526899,0.646890314428329,0.214466267328399,0.708568029707751,0.932582531006191
"Gene0026",2.43238327898871,1.97680681573674,0.821799783489382,1.09322630935482,1.42723384214116,1.39533490530601,1.45288807924684,1.89312642745935,1.41734167640935,1.92984329515471,1.07241341314873,2.37062437324471,1.20058225248032,1.49897217168745,1.36998913999617,1.54636597661866,2.27959722086086,1.35900810570048,1.65765152099128,0.653026933100733,1.25956627823449,1.41213332418039,1.16877155824005,1.27597512652351,1.73552063930002,1.35547699935868,1.8750189724955,1.15677874182978,1.69412857993086,0.973548141134796,2.04051012750958,1.47242147868729,1.56790994374974,1.55332061075993,9.26202747033615,12.023650678364,8.93260036938004,6.71095198394768,9.52468192821161,13.2320223121634,7.59922192904257,11.5718786866841,7.81088486684843,6.61815994370985,6.14762539456535,7.15586470891082,8.04823738728078,7.05306398618393,7.51486081245304,5.41769427621659,12.9282690637637,11.679967934476,6.17003715110091,12.5189877581717,9.62665120706331,9.17189610064828,5.97081865374252,9.3719530420729,6.33374377102408,7.47619815250266,10.2874779659197,9.07356790575979,6.81250567215771,6.2813159984551,8.92527481096661,12.6029128739109,7.78482274900414,2.15565010175959,0.937323118817765,0.996116807343557,1.16924279134206,1.21979468545658,1.07522421157986,3.01115580815042,0.971247728613306,1.45916997764685,1.07895903926683,2.06679775431611,1.33029666032641,2.10938026081322,1.128203589943,1.47890111189309,1.32124555299071,1.53395470355115,1.99484746481287,1.18753433864766,0.807531650095572,1.89024731687579,1.82491035687426,1.35792893824257,1.24213711891519,1.00571613493088,1.5696426665776,0.797103373379814,1.36296815944101,2.268317827388,0.765181172811588,0.483624009601163,1.51743826545461,2.20462900959296
"Gene0027",1.62281896518211,1.55871197224926,1.07619235218572,1.09810875773828,1.07527382725471,0.724541700556084,1.41237150826798,1.37551201558457,1.61365199420194,1.56752242099106,0.9914313367218,2.62009760339572,1.1381420866175,1.29942408710408,0.959677425298533,1.8200616282793,1.38411545356413,1.52546232332165,1.96276342813139,1.01941171462708,0.81788327562863,0.741059818669283,0.80122971322516,1.13056905929447,2.23972679649253,1.79179189073508,1.66519603591272,0.697326450985421,2.69801745258251,1.61412718936777,1.31690369360759,1.43128958260587,1.19715209766186,1.18073863740376,11.7983853665203,14.4049114487109,10.6966225955902,8.17481981246702,11.5512167219405,15.4026213397648,9.03485026885372,14.3325530581205,9.68361732656757,7.85441514721124,6.87653991772668,8.42874163886124,9.29587375992508,8.44996664602325,9.16767965174733,6.66484341462368,15.3937074423114,14.1276781688635,6.97764159704091,14.7076560045928,11.7151134965964,10.2649435328778,7.17160361091688,11.2987389418412,8.23671289065076,8.52220605853641,11.470221064136,10.6426643187139,8.08379906569565,7.59917661890123,11.2946670605252,14.8104260177103,9.84720960380863,2.46856000951012,1.28684064729974,1.7072158445524,1.62063075880465,1.26965934713685,1.63423015617389,2.69881270041091,1.86395452437212,1.99269902502644,1.81488379871711,2.54320499657768,1.19012915400072,2.37276735899137,0.964412495701093,1.77463961042665,2.51502896082838,1.98779681972766,2.08851517743275,1.21030764519179,1.6501742104202,2.43387938084298,2.40932154947895,2.24041947366745,0.854362969581832,1.51950271018241,1.76006755875748,1.59012938285008,1.82603167911632,1.08360243385206,1.49133597210829,1.04624056835734,2.29057153684172,1.88846655420663
"Gene0028",2.77630008705167,2.7071308040784,1.40185120979903,1.56122190096152,1.30846522532395,1.36290236361279,1.4206710410723,1.70615320033588,2.37990412844473,2.83165421752605,2.05646998502858,2.50242428591112,1.5039470882725,1.61558540203819,1.48431817238892,1.95253375114132,2.19856761654933,1.86509531583732,2.20595797381365,1.20937514073268,1.62992817593813,1.9453745327893,1.527246285795,2.01756362930704,1.97537021671203,2.59172716087831,2.89030631456676,1.33108367639698,2.94965069999226,1.6173553910739,2.86246354687911,1.70848279643286,1.83179557481582,1.72011005995495,12.7454957200077,15.783508366918,12.5875157381561,8.93731825284612,12.324768906504,16.949124982968,10.0043252467516,15.2563919931743,10.2029380169034,8.68545957916321,7.34200359183089,9.27900623516648,10.3426616493011,8.83153616412323,10.193596261531,7.01753959414511,16.9152276805342,15.6332262978143,8.31118914887734,15.7784378739526,12.5633044914135,11.1813498869467,7.70298232499568,12.4422561981557,8.00388765189085,10.007013845085,12.7302512970659,11.9807408990525,8.55973401359777,8.41413003297434,12.2604248328217,16.5302025924341,10.2265825636679,2.57088199122004,1.50037123093473,1.31595754001791,1.50371999138606,1.37893738670321,1.88178943642118,2.57176695921601,1.6627802159513,2.42606051343751,1.62581527180844,2.06532710345202,1.46456964404511,2.40782233760146,1.20102452956309,2.24266989411393,1.65583327389644,2.29877296070456,2.80248644389767,1.3868576960047,1.05659207488211,3.1329775010022,2.37126927817989,2.17992399401355,0.953085241814475,1.74533009515101,1.90285736438807,1.08606924701785,1.84001740536628,1.43976643405478,1.22566534478498,1.83090347170884,2.46854462407199,2.48605380661993
"Gene0029",2.83805264126782,2.02737732031601,1.18872517139323,1.24851957685526,0.782778029076562,0.901830777071705,1.26646276357245,1.9693768433817,2.19529293912152,2.21848377751971,1.10091469996091,2.15958683085656,1.03701458541439,1.82762977487121,1.24008161698898,1.7147042253348,1.5846229335248,1.95593053125962,1.90393807883841,0.919292464414212,1.13727179587773,0.859213950484412,0.808957669571564,1.56164441817116,1.88818994818774,1.92477714731591,2.41069298469659,0.995877380206199,2.26301269968169,1.21277638220035,2.20723548010191,1.76229195073027,1.5310307135212,1.74648429358453,15.18769458545,18.9142184955085,14.8176545406711,10.0794061342105,14.9635141639661,19.940849116792,12.3170066243009,18.2979151901932,11.8158240742865,10.6449156663123,8.85856154270232,10.9766170582607,12.3577040906013,10.5013077912541,11.7169451149263,8.6502749183299,20.737415754684,17.9098376998925,10.2280220255199,19.3773688003711,15.0972839792304,13.6060637342731,9.419702774259,15.0722490721945,9.3693899941393,10.9929026693998,14.6154993668069,13.8457497585426,10.3503753193981,9.79240195566753,14.0748130168568,19.1998567979837,12.0604838027323,2.20418788619852,1.6894814910413,1.95443798547232,1.43056088360114,1.57070110827617,2.02275088653765,3.23178398478459,1.43590283773756,2.12192450611346,1.83621006458708,2.23246251295703,1.34116293602911,2.77288455510925,1.90970551174264,2.25226275817264,1.86245571703309,2.35479962432403,3.26788855943794,1.79598946593874,1.55969403730125,3.09534679451451,3.28101465079537,2.39630869623926,1.28244663330318,2.0457411347891,1.9397320533249,1.24516432707372,1.74295848237799,1.04806981319119,1.24211417542228,1.02705869780031,2.09120043251892,2.81866523481273
"Gene0030",2.79139784834304,2.70256981008745,1.35437331995962,1.3151243877437,1.48539725279252,1.24045692867283,1.75401128789511,1.95964057355821,2.19045721668153,2.87329297148461,1.94041100073154,3.42679641954834,1.99789088789531,1.63665165551368,2.4684506154094,1.74633680933947,2.1556654844624,2.01582296875376,2.19749869917432,2.15203651154894,1.77897668047374,1.57870698296126,0.983879352392183,1.85194752819057,1.94834961244932,2.16611989869451,2.72787416356982,2.02202395863659,2.73808570006208,1.68654108948587,2.01081657351576,2.06988781324261,2.54401562746611,2.41364744245453,13.5098597592408,16.9179405908739,12.9394268628829,10.0838104555921,13.164719711785,17.653244556383,10.9225036768977,16.3859124491378,10.8625520478604,9.81184452430149,7.67707911123998,9.94134732155297,11.0796556229514,8.79244949117954,10.5710893486125,7.60087831376667,18.0765477338168,15.8209427986772,9.21861187003782,16.3467651922168,13.088619274159,12.0089443449878,8.36063334228626,13.251594449649,8.55167857413776,9.56156873433077,13.2645002837709,13.0097724975193,9.00543759082555,8.81294589734849,12.4980033578162,17.4162992733152,10.6668874046234,1.77716280654327,0.911828666829832,0.829226073007242,1.40135125107465,1.09703481950655,1.43007096932826,1.76351420791722,0.899595462271284,1.31035815540935,1.95815160902587,2.3454716219726,1.09815547803302,1.8493016408313,0.512578103726386,1.61643283371445,2.1052625202427,1.82913565035398,1.72354501292183,2.20326217245278,1.1548997843336,2.02190937870491,1.53509236665546,1.54890142191159,0.43108687478207,1.02586240156639,1.32615182921074,0.638252404677987,1.4402828100644,1.12775507964671,0.866069173153037,0.631169397855887,0.91142277050769,1.6200372025143
"Gene0031",2.51046171242596,2.41486427050119,1.18821147184188,1.63102669807876,1.56853690374907,1.21358843084175,1.34560588452232,1.62665488728068,2.4825281566376,2.76201560205465,1.62884094334127,2.22094831077663,1.34231900602989,1.48772803782865,2.70576353762447,1.4867822101285,1.80146563523888,1.9471121144907,1.96783093332597,0.848864499368616,1.72653054287875,0.913055977109092,0.86837987715014,1.72725348998742,2.28872507599872,2.03426396049065,2.27807185830114,1.56010115953329,3.13007572602522,1.56450174536667,2.28844278730599,1.55275974718352,1.388308664171,2.07747255461933,11.7482205660949,15.5575037549185,11.1374679006472,8.22258282995545,11.7933011670996,15.7839461493658,10.0975607102015,14.2032280025943,9.31806686315172,8.22897370143223,6.92164131708764,9.13835898098001,9.64042027225037,8.09605119380087,9.49394251588033,7.67734698561628,15.9980357525569,13.9725486612841,8.27400803881934,14.7890655010558,11.8732711460578,10.4056636493226,7.4761423917356,12.3606831274521,7.23162677459089,9.49804303041094,11.8497123101358,10.9837700621005,7.93354946137227,7.95658884831042,11.6548560341827,15.7042792887643,9.97700992367792,2.85976488415815,1.82382935929641,1.83505042960949,2.56480236464201,1.91261834166783,1.86392438306203,3.39490522189995,1.8128363999065,2.00453110776044,2.1066001254556,2.09754687863156,2.06629187275981,2.40063197621788,1.40133714698032,2.8158464088765,1.98688856629623,2.35291459816298,2.49841978040302,1.34957649307037,1.96358872845592,3.13024039960181,2.73552379363209,2.06013662700774,1.63120032245811,1.49944994818769,1.98191328493424,1.26111741362086,2.55025290083402,1.62534133756589,1.22693803836491,0.85632669311465,3.06723499560413,2.40265618097049
"Gene0032",2.48935718133531,2.4786379875109,1.50374308264536,1.23532815727257,1.17843533868871,1.97090693300527,1.92937173299118,2.3797709725187,2.72516009248688,2.56286154259226,2.02313570126708,2.5486992151179,1.5350695313927,1.89546642381673,1.41773733263531,1.73262064182314,1.76188404119636,2.09074996572996,2.01052817091058,1.78249961523142,2.54940341247444,1.60577076771136,1.27510725541887,2.13766437976757,2.55179258731917,2.44418041590163,2.80007067216524,1.42190100777394,2.61039677229827,1.67182404022335,2.95127185664315,1.94433223264588,1.88973528499461,2.16404700939155,13.6829229008163,17.4356381593808,12.9944719052396,9.74643484586374,13.6049307047168,18.3351017958912,12.1040001745057,16.7022431600011,11.2821429524628,9.84679110013572,8.07879585897088,10.4379980749523,11.5487649181474,10.4123202785602,10.9222545626287,8.1012162576224,18.9544822549602,16.5216457445215,8.67557271770988,17.1037553159098,13.6826524347453,12.2571928576542,8.85265951125434,14.7200862448272,8.69546054612487,10.0651167998297,13.6411058806342,13.6467342029139,10.0524717140146,10.2272122484595,13.4101110622885,18.3101885186034,11.4610477621913,1.94706503617698,1.88621227660162,0.66918827262451,1.11699775844818,1.98425684124759,1.42808189304146,2.92727109544551,1.2208271634531,1.82298860368916,1.25689748570862,2.19896227605175,0.891919998198009,2.10984966773766,0.603658169654026,2.10865676612602,1.81458100872637,1.86494715341135,2.00069877377793,0.852479940651789,1.27577380387657,2.08682325751704,2.05799458936175,1.97446889441336,0.326608661220572,1.57412901513468,1.92750991875992,1.51821390915426,1.4005296131545,0.594988590082019,1.25766737076022,0.457974910013141,1.10141087907058,1.93302509376108
"Gene0033",1.73086452834656,1.25699679358958,1.13339410160501,0.984191694602807,0.92259296695989,0.930657951664938,1.29009476211126,1.7260556535628,1.56372759186533,1.43516790555895,1.27577614871546,2.00206363463389,1.01955464520078,0.926502912733095,0.796110397493361,1.3446140060069,2.40808022632765,1.89424832572932,1.58937321138799,0.556750318109857,1.55103126118781,1.29065778229811,0.559102099019637,0.939701857988176,1.23521372694795,1.43497000621153,1.93060467671423,0.607311383929614,1.724433368897,1.01451124746166,1.62087252483419,1.39965701851121,1.36622703026125,1.87611232129188,8.70181708436764,11.167228541866,8.66110326499583,6.3673382459372,8.94486520132822,11.8665939056928,7.86166641091827,10.67754423782,7.1698455033603,6.24905628533814,5.32499917056856,7.2689841163241,7.6854480578203,5.92238309368301,7.26433406145935,5.10917864830851,12.0402803476034,11.5644643733907,5.68296831678297,11.6397921526644,9.68657284885434,8.04470935800106,5.99915227470173,9.31887077401929,5.41449846904318,6.49931088984764,9.58873472795029,8.48467831478644,6.07757839694509,5.89083900301614,8.97390493496574,11.752850377185,7.52812384233962,1.47515932329829,1.07745412721363,0.987740531458027,1.07180660699914,0.771071328829412,0.970238710856361,1.17991674959496,0.516149841508971,1.30117912864993,1.22224146287253,1.51524870948073,0.850430654128882,1.0428067915766,1.24776710694778,1.86265195478975,0.892878713915663,0.871816754225873,1.35178115151128,0.966635725790906,1.0532145035928,2.43248525850397,1.73575935459194,0.993911838799155,0.683746890122345,0.776160054044768,1.69270063796227,0.510787831994136,0.647453596525514,0.818391028416213,0.587045013794093,0.197090652247066,0.813074967963944,1.25618098817408
"Gene0034",2.20740222601775,2.22280257519217,1.89924578879561,1.83515490450837,1.74590829383748,2.44716830326843,1.32467836104757,1.89341426156073,1.49192629215307,2.11744897672649,1.89019816901042,1.53834559753297,1.79391253685549,2.01408569955731,0.953240874941429,2.2977445071904,1.61794403010402,2.16395270261728,2.14945911724609,1.64006440732815,2.1242993177965,0.969923275751001,0.77862343023954,1.163758968547,2.9603865175215,1.7650244856213,2.07317000676805,2.07349766709501,2.33233845197728,1.38240502971294,2.04149979810049,1.59397005940119,2.76992459001645,1.1448428570473,1.3716029004845,1.5055862815247,1.27230325526113,1.80734921159363,1.89427188702429,1.835685113454,1.55782309185377,2.08904024981062,1.80495724650496,1.13255293445908,1.30540337217229,2.89764244988929,1.37440206417793,1.8021041955382,1.25379947460001,1.23012221043763,1.57235006985248,2.27765765950237,1.6160664135683,2.50904256655861,2.0823492294962,1.15244421875225,2.10377289179149,1.10828416525063,1.0857014856516,2.46240926038466,1.99136640798487,1.19982250993759,1.9151492703125,1.63762250880852,1.49615728297025,1.92826849049026,2.07086865269373,10.5143952491798,8.31112380873724,11.4831053921869,6.85905829429436,10.3623120192342,6.99947053363896,15.5880171005997,14.0976361036547,9.77136420878492,10.8483242835914,10.1091600865914,8.12570467936197,14.2785392536601,13.1629611277366,8.46766762024937,7.38041215361017,12.1411079606484,11.8476165955558,7.1667822307057,9.9764616227012,15.3060424028165,16.3943031020179,10.4881320262723,8.35217635451265,9.97324818790908,9.89735245137893,8.08751196750503,16.2367881779915,11.6514696848899,7.75108035474351,9.03866079722164,15.6998091814008,9.7236938287093
"Gene0035",0.894443490392129,1.05296942071986,0.314482557829607,1.57358378684128,1.0970522367336,0.461124949727866,0.58001479520209,1.57352927171491,1.54746173496837,0.862314959134608,0.587353206196186,0.66875289669083,0.531398042981081,0.941213418543096,0.873849356536459,1.39960742446668,0.800831594180442,1.55448718522753,1.31872943773801,1.4092567275943,1.07177420878688,0.375443319957039,0.885277977999487,0.371427497118146,1.52433215784597,0.855335218103841,1.56999285844285,0.748961244858846,1.50163941270362,0.303225901613566,0.756355022128236,0.380716604275747,0.994874578386014,0.594189392640524,1.21800058943891,1.22219843748434,1.19122368034723,1.4145741565298,1.71075881675519,2.36362957432948,1.84787085407764,2.21240036785137,2.30353135633387,0.78741387430156,0.958039300511433,1.68156966977692,1.67652832930709,1.45361572161887,1.1934950743866,1.45619874261334,1.67048625822875,2.0785712875501,1.32787671277063,1.75257950209384,1.56568047676694,1.57716752307096,1.73536666082995,1.25824075736432,0.991372962679101,1.6651080410489,2.5440142585513,2.52168385097483,1.66042684791978,2.272377779968,1.62694554736855,1.47105044738838,1.86974424649752,7.50434670054559,6.75883701542277,8.76884622497863,5.25723281102284,8.15585820048393,5.66291274838441,11.7672252033528,10.4541724197063,7.78551684939484,8.24912276977511,7.73982967579962,6.93048775259642,10.6059110785211,9.73749532948483,6.77633055863704,5.26410762371667,9.81723120551843,8.29361157348611,5.69949446676914,7.31635408855248,11.8343976265511,12.1295687637732,8.10366040565802,6.64658000799932,8.09912896538496,7.9964756316017,6.47417800265602,12.1449663395104,8.97499681057051,5.69241002803724,6.58004834460673,12.4702407000127,7.18748272595532
"Gene0036",2.41720169065269,2.01313135740088,1.40811705004781,1.99614503020102,1.49401245373417,1.54510554653606,1.34334593035973,1.57743427060853,2.09753853566671,1.79778407004874,1.77110918723486,1.75179756937661,1.78481257333498,1.42635037174308,1.09115604791191,1.95109669291408,1.37048953401851,1.68210214828747,1.78308806282844,1.25316980674697,2.38039029357119,1.93161727784563,1.75373160771782,1.75921935316375,1.8955267976746,1.94126004936388,1.72140658913684,1.77811800578334,2.12460878052583,2.53681278132991,2.35066825102718,2.03887726971794,2.11021111478321,2.00468228282042,0.944039636252965,1.11327086457938,1.57939216836393,1.49426706365194,1.63029650537165,1.76118134919694,1.29155413315233,2.15136265745475,1.57336273266344,0.862337429467969,0.982749079805157,1.42856068509839,1.80629487733559,1.26831873395449,1.21496941456027,0.598059773174707,1.35452898198189,1.51942525825758,2.2878837126155,1.46315907280521,1.99090883454728,0.920480034518437,1.38981023758139,0.8497448222065,0.845687054686852,2.31147585387078,1.69971438216944,1.00571096529826,0.975800460354125,1.50165195274401,1.44757837833312,1.64643776410561,1.90139365708118,7.62502338915731,6.69725472060573,8.63980062300496,5.44940996804313,7.75101952917912,5.61499074072695,11.3365276568565,10.7274104197663,7.71994771822864,8.20322695696654,7.56896630151516,5.9697575507102,10.5271355888054,9.39340108241711,7.17340723457522,5.27342930895373,8.63203098865016,8.76284665133274,5.70954112022731,7.35401706606767,11.6018856845512,12.1507660913599,8.23417190814814,6.52166601664926,7.57800714785414,8.0169168828795,6.70009620033551,13.100377577565,8.8193783660047,6.79793645011403,6.67513602591501,12.004553115568,7.4354278929587
"Gene0037",1.87888622638665,1.39841346420962,0.712475548331627,1.42799145886786,0.311647285268585,1.11959834781368,0.351821070594468,0.882861480580488,0.727299495571109,1.15325103210366,1.37126943449068,0.583196850813257,1.13950737160423,0.928161973881609,0.17892470319959,1.0319174868915,0.557931722152394,0.890234873643755,1.25565813431895,0.828727851418389,1.33847681419352,0.461974521135014,0.451178918464669,0.916863933298945,0.861196132531163,1.09395982239043,1.28160701221409,0.571545993212017,0.934614785860637,1.07912835491002,1.15862837291851,0.430748052092154,1.20230832760534,0.629282253816827,1.61514364481075,0.552108906147147,0.740673969368858,1.32412267920749,1.48399194446544,1.37859076356531,1.59423214535691,3.01425825435421,1.43484675272713,0.357668591631093,0.926997282024259,1.25016505864149,0.741584796175478,0.964295180531496,1.00866645078666,1.51568880827031,0.900317949707927,1.56522245541423,2.14999011788403,0.996980395349083,1.25313296606183,0.982011962159122,1.58780809723893,0.583282398601833,0.57821621849493,1.30716412002868,1.70511875950789,0.613836708967899,1.00083091316619,0.689509556754713,1.1313893464065,0.912675302308614,1.31385468840875,8.54046393816527,7.72472718139141,10.3491595089587,6.21030451777272,8.46122788203679,5.84603062580688,12.9866534841518,11.8176971077578,8.22101978104641,8.90524740635745,9.17080647673539,6.71971283381895,12.2299711025135,11.4908343830779,7.86260667066685,5.93225734585717,9.98674913104976,10.4320762662676,6.52352724276882,8.69204531395282,13.2041887262321,13.4833584713246,9.27835818041818,7.39924257307883,8.76813121342171,8.20589407506536,6.65295391271241,13.8390471431691,9.80522560992341,6.48068267717731,7.37894328220061,14.0152109659573,8.61152253732715
"Gene0038",1.48231706002615,1.61959037739774,1.23592172992753,1.66103919517961,1.28498989603664,0.503423238340824,0.904461533119581,1.75812516928348,2.07485595575359,0.975755933772281,1.01756494919397,1.03081781633947,1.14851282743681,1.31670300709855,0.952284747939732,1.91049108047516,1.19910819493169,1.39377865556225,1.6138527617589,0.628955343296687,1.64560512749141,1.16327391130188,0.701463822397178,1.06763709220098,1.44893076802804,0.976843116640527,1.25372981699949,0.932547749925666,1.10121805298616,1.4519782032117,1.5566757530815,0.712659552913498,2.04202706543473,1.59374316107861,0.948366757413107,0.496297784380049,0.509678163661604,1.53188520619496,1.30458075699264,0.85562139075162,1.01495122602495,1.62164170666945,2.39157116921938,0.97987786151143,0.970572306421814,2.14922564382193,0.664334390422084,0.958298306342293,0.938917364681797,1.44618583015205,1.54821750016577,1.15549676426211,1.6862020521974,1.02399026718237,1.79574501556878,0.70423370974271,1.99542949439168,0.580818002657213,0.630062898689106,1.94354616624432,1.8069740655995,0.415354257794882,1.18153108252398,0.70285627538445,1.29851106744062,0.505017459841392,1.99277226359611,12.0093557134536,9.88438992636926,13.4985156639553,8.85281762684242,12.0575323772376,8.64042061220808,17.9939298495334,16.4285396030584,11.8458830019515,12.4277700967454,12.8379051407443,9.08989495809641,16.7592241985516,15.0566833317708,9.85203718162326,8.2108037283238,13.4944105036811,13.2522880590788,8.49096099963427,12.1014136351386,19.2537808243134,18.8224452830271,12.5440094662713,9.78485981308538,11.5470606737959,11.4345336614397,9.36024328512743,19.2417550366335,14.3305695831427,9.36527658959667,10.6880922894794,18.7838850157313,11.8998482766465
"Gene0039",2.35403274343276,2.98898255697867,1.94795136118666,2.26707662162772,1.67692478130621,1.80268625256148,0.923014444708034,1.76296293435865,1.61238561593401,2.16696179695316,2.27136323997792,1.82191080183323,1.55705668476431,1.83159758952401,1.34159392610336,2.37510267210071,1.74554545837587,2.20781232527985,2.4161721335703,2.0374928548067,2.91154220599977,1.30047715238948,1.91868999644689,1.53909141697782,2.31528761414051,2.33411737221768,2.37827087716318,2.42792640057273,2.3137496598437,1.61083107911437,2.46860928437425,1.90231473834358,3.06740083566957,1.33795821715529,0.614712060165587,0.25345286706733,0.784287201072921,1.46160423933864,1.35423578778758,0.633411246222454,1.35890394408695,1.76229742341265,1.77614645856561,0.836450380591633,1.05412187972698,1.8146174980112,0.999560940587773,1.2164091824037,2.18206962019942,0.82189608707618,0.843909854979858,1.21217175911546,1.45659054186906,1.13959581655011,1.97893415486306,1.11853394575034,1.69400794176491,0.504999549964951,0.606273571505433,2.41101924376481,1.66026194763662,0.615545118969998,1.41479807034603,1.33455558791922,0.760369198723714,0.291231603616566,1.76321985077263,12.8267379125216,10.0713213365755,13.779104387959,8.5146378083755,12.0622669840229,8.58668920903188,18.26911936739,17.0268522695889,11.8069909982639,12.5858186926766,12.5081433655216,9.12167912881489,17.0684327245529,15.5221078244777,10.2033540301703,8.32517391106207,13.9342694540216,13.2882790394134,9.15384159918798,11.8485675193776,18.5170396105969,19.1068421639048,13.4859667612195,10.7405468873564,12.0137015107683,11.6275329326831,9.94171981300521,19.5641036140259,13.9638528038744,9.60532106279662,10.6133618886399,19.0020241199329,11.8378494215619
"Gene0040",2.07839397009074,1.71015720333174,1.49468186090483,1.75944538165077,1.31377426270044,1.37399475702204,1.76726048624254,2.21255839928897,1.75936092695332,2.16963928487926,1.87687201603985,1.75219104470631,2.17234742151681,1.40643468805191,1.31665276574757,1.8537089205577,1.44314745971048,2.88596703410088,1.64349723824019,1.0485242154084,1.89753465000934,1.29375055867318,0.682058048589875,1.14226404272234,1.78058875115979,1.44684011916832,1.74535876016662,1.5120569480976,1.77774640168652,1.58109147736403,2.12608112608347,2.0095489245821,2.13120045104766,1.38822876532983,1.20868519247306,0.56398830564868,0.578817123014064,2.44903697076919,1.75533817523928,0.932789808840703,1.45501019931746,1.70074425285249,1.86313173241141,0.644267802841156,0.970131254921349,2.40226635534393,1.12514829953443,1.09479922085359,1.00910948700496,0.601974168883405,0.99903060424093,1.53747949079575,1.39609366428804,1.75171883311253,1.51752545134427,0.523438786984695,1.56324979619414,1.39632733890882,0.802499286982607,2.00288717772803,2.32331513309526,1.87633037545892,1.07376688185696,0.97390233052619,1.27406545754659,0.760119168257173,1.72714151665704,11.7599733299633,9.45462155204111,12.3238624876228,7.22098192586186,10.8482248613675,7.42524536816834,16.2661902753887,14.9899177716936,10.3314363504299,11.256371501851,10.8313750526438,8.73554048097556,16.1655215411957,13.5643859635817,8.82765821131393,7.44160184751478,12.4592662947918,12.0314061477377,7.8390183943217,10.7184068477821,16.6866089416555,16.816351206062,11.3437392376584,8.84955195825714,10.8219414918673,10.708068076944,8.50389849016349,17.702873342849,12.828947966936,8.05088623235144,9.90335762137624,17.9396932463736,10.7186970672296
"Gene0041",1.58792272393198,2.04418333915608,1.11161217056619,1.5869368571084,1.0101462699155,0.589923239233083,1.5108935103889,2.31514537671212,1.48134513194689,1.27510627472606,1.41667378257391,1.38086641978562,1.29089866606084,1.28498842288579,1.00078219111747,2.33000155141029,1.62924655759281,1.58824576231508,2.01130712509474,0.844528771896855,1.70160849057706,1.12491596041849,0.65309924985841,1.04437949359212,1.98940540679007,1.21473706189668,1.34084882392642,1.66597690120167,1.25879570474037,1.1563062664488,1.90207784106262,1.04935556606465,2.24429824262715,1.83525971415564,1.66257004657794,1.55041616514928,1.3307069557707,1.39212314150721,2.07595139323333,1.50609450302903,1.34177430119732,2.37586042632853,2.45086307393658,1.26913277399936,1.64435642390238,3.10114677889278,1.33153627958952,1.41314601828955,1.30139157921287,1.66802089701671,1.39326065842023,2.43270056582335,1.95155194444244,3.10717851126012,1.99309648645667,1.0046777768849,2.32588564241216,1.48845585618563,0.793027124049472,2.099991293868,2.41493014929906,1.80519700692674,1.96948981589531,1.22187432231248,1.76470544592922,1.14500178390466,2.6425978170683,11.1986849489445,8.88364391461191,12.0952351415061,8.09447192276763,10.7657377722104,7.84371774922958,16.546100524128,14.6116133217038,10.3780746442775,11.3027580941264,10.9567753344909,8.07404608527756,15.174834362141,13.6952160724836,9.15941243032652,7.42627821829316,12.5958589491881,11.7602324769718,7.65751408485122,10.6688903367644,17.0112674550596,16.9702146968217,11.6929316647805,8.91484792955406,10.5430588685691,10.3541755982501,8.32782279941651,17.5465323500384,13.137699830292,8.20877564903232,10.6179922944276,16.8741924125026,10.1501458950923
"Gene0042",1.5278791407593,1.76971337177856,1.31288736706,2.32563098477547,1.78062454533056,1.28557682369062,1.33304247894852,1.44187911520496,1.27734947231806,1.61063059768081,1.85799776632585,1.32252498814406,0.850823540720361,1.81969763599248,0.608475609535921,2.21538857067234,1.48659257077363,1.32473698173856,1.68282390824902,1.65027527238674,2.63173975857098,0.692149898553107,1.17732151633017,0.656106395089589,1.41801874359297,1.62338551480116,1.68213530495437,1.05974855251356,1.38754339118499,0.915161765964839,1.60171005369489,0.712877522871132,1.63587877115275,1.36072210009886,0.686612934404123,0.174053691995133,0.853034183034697,1.49017237898046,1.06460509756368,1.02179127070886,0.783083154267407,1.39245691336982,1.37613329858118,1.33338026408695,0.799389207903199,1.36818918259735,0.587802162033402,1.84780734259447,1.09660024138159,0.835011649143084,0.615885110740217,1.06222107648747,1.46134695119029,1.39499460962545,1.77604981167956,1.04237247602091,1.46671965909827,0.391482623131006,0.973625763790712,1.33804667641892,1.52262750786699,0.448850932806386,0.579688217746276,0.603695008939784,1.00181998682685,0.503456352172381,1.59186961750962,9.25222942108493,8.90603773833472,10.7907313537839,6.4467586431413,10.0721602051699,6.96244337175884,14.8143136558,13.151324479589,9.55178471116582,10.6383051510868,9.38367697325807,8.06633269699207,13.6875431442369,12.2045039540071,7.98192711724876,6.88726495198857,11.0129618911363,10.5550924026835,7.32957375885117,9.44285371048168,14.9922563293576,14.8887262085675,9.88018501337488,7.98488715053612,9.48641200889322,9.41235385395956,7.80834449772824,15.5824266329983,10.8835783359207,7.43665854361631,8.28617028282876,15.0864078535847,9.00217008596424
"Gene0043",1.40291231927117,0.7877535908321,0.364463323406741,1.36233142979624,0.2587599062229,0.468203377836709,0.310603641886937,0.665109741525558,0.940793245896104,0.527085556887834,0.601402557551205,0.886356989457132,0.637926655925208,1.01780841625585,0.193649204752794,1.67541561353337,1.17243957274559,1.51982913382896,1.04969951863588,0.663112635144777,1.69862394199577,0.15427270911576,0.444530858826132,0.392521030147413,0.767620664592908,0.592607262856855,1.09117980229556,1.14077155342502,1.06725681742201,2.05523830324637,0.787357044611364,0.576721711263735,1.35571244580962,0.772939840715943,1.23682818769278,0.457601076119349,1.05366127362677,0.703468044466206,1.24400264004807,0.721223010332328,0.720977941590261,1.86418553352774,1.2193230633424,0.509752634270271,0.714119958255671,0.884731374187834,0.578694818570377,1.4686598483351,1.00121677691863,0.478059046592166,0.492653529064834,0.953914142444977,0.93412187284939,1.21362751243594,1.3903292015577,0.760063780447032,2.04841757233877,0.489811837184149,0.461023667909203,1.59872919929956,1.54710670253132,0.757513925624131,0.679171554410874,0.66580650698526,0.774008949474533,0.867119769413593,1.36492972182059,6.33229254789525,5.078400612319,7.31364653671723,4.151259482142,6.24030756520133,4.64738741125534,10.0153605203254,8.62479365232718,6.23660499512149,6.82527331675502,6.43962255233523,4.57008490503725,8.81727180420472,7.64633843935,5.26176638467046,4.31951034895156,7.17473924355777,6.87813688805343,4.45933692855056,6.04828240518474,10.082346496591,9.89286112428634,7.0225802245425,5.89027109927094,6.18599430940332,5.89890488823746,5.41999210236085,10.3736413903575,7.47802160063202,4.62532107929412,5.46620786014389,9.66525661918913,5.93185288287844
"Gene0044",2.36802147274204,3.34177673129332,2.27016819732033,2.1682028520591,1.67524525567882,2.40955045964254,1.71948079503481,1.91964075960197,1.64421107604136,2.60124187084118,2.29829401203641,2.27742651649657,2.06386138120334,1.95884581540994,1.30531768429498,2.28858128740828,1.54141344842945,2.18196448647288,2.07324753141084,1.42029823617047,2.45002351906901,1.28703769428288,1.64044920807618,1.26539253415196,2.16798272799506,1.73005940725791,2.47287438091531,1.72794952538716,2.71446212829069,2.58641333926999,3.03465103593935,1.70689969399069,2.42267391247038,1.76611771949017,1.457572971114,2.57087813446712,1.39214703976948,1.83134324374487,2.05592564916732,2.4578308163885,2.37321606092255,3.4165631318947,2.14624861910577,1.44760655625473,1.41720086494299,2.8664606411545,1.55854995174419,1.56742659359943,1.6111833333332,0.843919461208936,1.8097237357951,2.30854863871502,2.4285944115856,2.55194204413065,2.4267074466046,1.4191907523811,2.64226931647811,1.4504689604869,1.16818648758827,2.14288861733996,2.40677154146122,1.50721751350295,1.72428465834214,1.56371731767922,2.00146166079849,1.84951259777756,2.2412935260223,10.4842789895105,9.05819058642625,11.3115619454547,7.27975823422891,10.061838031107,7.24784416960019,15.0742477360222,13.5919325872503,10.0103621655839,10.9544447622121,10.0096621676415,7.87873143023988,13.9478303986692,12.4831100637632,8.32443906439781,7.30128772022047,11.7298026179297,11.0551101898715,7.61641301433469,10.0000559469917,15.5599717512,15.7483695202938,10.6477582052501,8.83884571253829,10.1276760330172,9.81589598853812,7.98101163335902,16.2323756020861,11.443811836461,7.83900964579964,8.69198546850542,15.8679775637444,9.54898143532937
"Gene0045",2.36103745312162,1.68297237784645,1.52225567185491,1.76068865251056,1.48698523123885,0.996791231832526,0.575283798799549,1.58306349852901,1.27326639615848,1.27984079326185,1.87387013028827,1.45592639463839,2.50812380694329,2.04897678128133,0.940868772329019,2.32101974566117,1.12076270691366,1.86153921521933,2.40843908442515,1.11110972853866,1.90883989679651,1.14920988081188,0.78264911280014,1.60740615534275,1.78585848599928,1.50187740318878,2.02944676742681,1.61558724014247,1.74767582847425,1.0689362285803,1.68825970789505,1.01860544007702,2.60834436107964,1.00279682547225,2.16870358214271,1.5662599366731,1.2743397881374,1.64287915905661,2.72826342044591,2.63810684988727,1.78858457125474,2.56822439692223,2.2481859232591,0.97506457942267,1.57927143795487,2.20125796044481,1.90608943829826,2.34578004598014,1.57867336500059,1.78098101890244,1.97797582176339,2.0410599214646,2.04151109117748,3.07847576864856,2.04442758630538,1.74465281107744,2.61571803075209,1.28152162471093,1.34105622822822,2.9251445807009,2.51860751363049,1.71734854497553,1.43659285193932,2.57760158143538,1.71258090277813,2.18915331839343,2.6556958730112,11.7660428733272,9.85983633915358,12.9756708362842,8.20908133842952,11.688646287819,9.13889322025279,17.1370822878512,15.628802696372,11.3405535540503,12.06766177733,11.7156610477626,9.11710010079249,17.156824891844,14.1106370174214,9.19643145512669,7.86175544793133,13.3652131924617,13.5243129212028,8.37394413949882,11.4068653642975,18.3086707912269,18.6785136773637,11.926223242517,9.27880370598318,11.2808281670513,11.0505687754689,8.83243386045718,18.4951693024981,12.9839113499178,8.49298221693732,9.84466154302703,18.46157770357,11.0234654042329
"Gene0046",2.49995711155746,2.33301843177767,1.90298176844698,2.8445613137848,1.74958286925768,1.32850577216641,1.73938353346929,2.02552103256065,1.99461982241132,2.21529427533092,2.17821539536296,2.58692058345961,2.75619360466736,1.77508337660319,1.89044845394444,2.47638061114703,2.23066760230499,2.68426255912974,2.57637471306369,1.39160632292234,2.53864647193492,1.21651044391335,1.12678776644064,1.27198153452264,2.27942212501121,1.71834298186423,2.23016264501663,1.89109546133102,2.06645235446065,2.3652919516324,2.84301732387561,1.6483417088036,2.41480013636841,1.57994059031341,1.29815751594225,1.30254660879968,1.23832166763592,2.60782201194955,2.0598105552149,1.76566656568593,2.36328461866645,2.63451819363155,2.12773974838995,0.94354040705193,1.82999747644193,2.26897102486953,2.19190050506437,1.31996273961005,1.80884204108925,1.09657258535206,2.28374916844111,1.94366029602101,1.75734340758007,1.8596231977555,1.84375157493826,1.10772009489583,1.94691088926942,1.23165205507532,1.47877554301968,2.38442750537187,2.55374065803656,1.37403281569993,1.26740318434727,1.71210171459201,1.56675429060675,1.48065018327263,2.09494101795429,10.8337688263354,9.13582200913871,12.4660614422296,7.55805753725293,11.1132484740357,9.04771558790245,17.2080450951411,15.3028362483116,11.0904272272659,12.1130637357197,10.8308328979264,8.10384457321594,15.4580322003649,14.3264535987198,8.95286516295012,8.09582891670974,12.8009938082057,12.1903499324716,8.14937562479009,10.5322191265563,16.9346084716039,17.2709717462828,11.4340746360984,9.22738520003778,10.5040720817361,11.6000851083799,8.83183784206062,18.2059917122243,12.546404002191,8.76932103567308,9.47326079257251,17.8398013318923,10.3146421391587
"Gene0047",2.18141751757662,1.77301524208337,1.5892176298633,1.81112543756408,1.95677596553267,1.94622208659923,1.0013304184666,1.51419040754465,1.6511672632667,1.86948044578848,2.53318598081536,2.05877611366038,1.44331703930327,1.78729062694133,1.35046059922886,2.47573003404381,1.34821807307677,1.81664555346917,2.36495201828744,1.0280739632112,2.31382402555787,1.06982056129413,1.78383527116063,1.07597346442995,1.78115677847913,1.43778721631896,3.0515950556105,2.06476659561344,1.83502824090362,2.50825050757369,2.36609031505483,1.87282701536407,2.11259691100468,1.80674283268564,0.961053804332421,0.814759718641643,0.689102895923716,1.54182564288965,1.49396964245364,1.23084786756769,1.84479633560367,1.5535697829058,1.53756214660714,0.689107537235225,0.988723366530548,1.70583597701542,1.09695181418517,1.08231364335828,1.63425593560796,0.641003995759315,0.89200877216945,1.27653035785558,1.80277949304089,2.15420226903165,1.59288013181424,0.697727676423784,1.5685145282586,0.66085906473776,1.50622967316238,1.72982910613873,2.22788564297258,1.21116567537758,1.41438413702998,0.902838161038811,1.12490016650363,0.766077842502538,1.65008877177853,9.62320313690903,7.557085666723,10.8094562397471,6.24298255293329,9.03284629191178,6.51103535951485,13.5695322612471,12.6549878543805,8.74187268266868,10.0715006767756,9.45154964129776,7.55336175011781,12.7726722109246,11.3867556631169,7.87688290371814,7.02572671859914,10.2282032680576,9.88631314272409,7.1445043853368,8.78110654922604,13.6370385423853,14.1121026183536,10.1646131108866,7.48150210153837,8.83599061286653,8.91847006602884,7.09117478586186,15.1178788216076,11.1314303271463,7.57238743278092,7.84933629584559,14.7481747074171,9.01086873783412
"Gene0048",2.02334311904556,1.68063439074668,1.21984915327892,2.20616743645791,0.990610000831206,1.24785486014315,0.965548584495875,1.81084491598549,1.46548942143585,1.45938247667993,1.65364458698934,1.45047507839166,1.19504170527169,1.41431240369865,1.59510637692297,1.84572919141859,1.79079702034667,1.92510482572865,2.1587556993005,0.94307975108753,1.91791538583917,1.08906344405598,1.51711829322236,1.63179783030549,1.92900518647829,1.42453871353438,1.71100909689097,1.77915794512464,2.33476426088678,1.29142684623827,2.13115186745159,2.09510937786728,1.97783182350904,1.24562912252071,1.65025753501374,1.56399929755969,1.23454242227291,1.17551840746886,1.88605643803449,1.43787606925148,1.95598108889148,2.28053937248896,2.1961574665221,1.03237490295907,1.33125858565408,1.74800354013011,1.89092417616312,1.44467021469533,1.17414628982048,1.17328184539097,1.13777099957455,1.66593679338174,1.54420818798919,1.6985838876988,1.46975809554772,0.945912619927676,1.69971905302558,0.86883706532143,0.909383619864677,1.63622100379265,2.16323248431106,0.873788468197632,0.936789344587215,1.10711783512891,1.59753493308211,1.188745328436,2.01730011625927,9.38566123658983,8.44942640550884,11.4848816816618,7.20300132859199,10.5659422684252,6.76611972040443,15.3759215497331,13.0931385066963,9.44736417575925,10.7305291707344,9.87377784247581,7.81039071213821,13.2463781160075,11.8971832870728,7.5559353733276,7.76973478757955,10.9815756552172,10.6205331630477,6.77732750992024,9.70105431078832,14.5360470319834,15.1360771829967,10.1351938297165,7.81312218649552,9.4347618166002,9.37283396571338,7.62496091651111,16.2599312216216,10.9245090961384,7.42112558637023,8.38875609174908,15.1760520206326,9.62642888663389
"Gene0049",2.7307366413668,2.13906625097318,1.62908559079554,2.73130515936766,1.64273977282613,2.56301245633282,1.04448588804043,2.56529736492007,1.61380422088303,2.40645828370256,2.08833820262019,2.26103245373574,1.78206063440203,1.68099398150488,1.3565488634789,2.67784829650617,2.43597061346257,1.92895721470731,2.00594453135024,1.25507774579083,2.78517049528956,1.76078295724279,1.38831049507375,1.3259072891126,1.95108534530431,1.55670771429181,1.96931765164329,2.80628959324255,2.24392027737459,1.76358004126373,2.39052166832152,1.69872264421277,2.39181200398237,1.52579476702041,1.93620906666088,1.61309477675901,1.42531267447531,1.74442557339332,1.97444733137965,1.79280444622932,1.6456483152205,2.28223472384055,2.4683558562897,1.5122998461129,1.76906766988531,2.42045939408523,1.74919660535308,1.74593252785635,1.44392362470619,0.919552892724669,1.9498377749451,1.92487090794611,1.75313549016754,2.5244494734574,3.23617134154316,1.60656568814384,1.9337699594299,1.08124124450332,1.1657340441132,2.24795099908422,2.33483126744706,1.04637857364952,1.72829294936791,1.29611832722558,2.45647552249502,1.97472478605918,2.10593059845109,9.79586666608444,8.31892645609475,11.0382665574432,6.68647731895165,9.51896021511861,6.68213497177981,14.4207019940173,13.2181882874778,9.3346887271024,9.97224929325626,9.70604741432572,7.48513146978611,13.7668574138494,11.8334918070589,8.45799517985344,6.57755457975313,11.3516673660718,10.9341200604082,7.88947249833917,9.2259833764399,15.0314053941622,14.9677779562043,10.0525917906149,8.00821853800753,9.33259320668484,9.74429557554904,7.80938300187512,15.812711301479,11.2606567159699,7.34807493956624,8.59339288256451,15.5701956773363,9.60051936316701
"Gene0050",1.64001115843129,1.45370752273988,1.95017925561658,1.95678478934291,1.30637789848743,0.922977586572189,2.21996061435285,1.13838073385515,1.37299683537829,1.4913464048404,1.42469978351556,1.59205364510815,1.09275091854203,1.09237953892457,1.07550579456199,2.14402213457633,1.19421788759162,1.33054295392118,1.26527194187724,0.730490891873083,2.6474858762662,1.69334931580325,0.806850992269745,0.79577853164976,1.73218718628454,1.45996166874871,1.73801845038112,1.23020711494155,1.36995578593745,1.13623399735417,1.96256475848752,1.09652468871627,1.32754289185331,0.957344089137414,1.35482564545268,1.09477234684832,1.13957527454455,1.07089570812546,1.54879828203031,1.46728168974129,1.19731943293482,1.74092665124808,1.88411288072848,0.962841703365303,1.64934392226203,2.13316289542683,1.01468418316014,1.15731113630181,1.04532381905375,1.12647532999461,1.34043852270103,1.81563571256349,1.38814051966043,1.62612638028617,1.2286415480213,1.21665660650286,1.28757354048901,1.28804413733342,0.977838609911355,1.92059906527815,2.05412114632104,0.907600241788723,1.12914426084242,1.38659767531107,1.44331507840521,1.30911898989199,2.27479449264231,6.11810751228096,5.43478621638608,7.16906802679606,4.7533231899383,6.4565937223112,4.82457977771547,10.0849883475521,9.19030477593136,6.037515527043,6.7198637457966,6.86570036620027,4.69492403303597,10.1207282934653,9.01729977115636,5.47082569187822,4.29205477622888,7.76678026535564,7.11636349083693,4.81117037950761,6.40306788109074,10.0215468565351,9.88843449122629,7.8117149005184,5.75414996280133,6.93119836697879,6.4702942165266,5.24815398972614,10.0051970162317,7.98002562816395,5.27471293406952,5.33398407338646,10.0312130229539,6.00477598532586
